거래일,동,아파트,면적(㎡),층,금액(만원),평당가(만원)
2026.08.21,영통동,풍림,84.8,16층,48000,1869.9
2026.08.20,망포동,마젤란21(1101동),84.6,1층,53000,2070.3
2026.08.19,영통동,건영1차,85.0,3층,80000,3111.0
2026.08.18,영통동,신나무실풍림,84.9,19층,89700,3491.9
2026.08.17,영통동,신나무실동보,84.9,12층,77500,3016.9
2026.08.15,망포동,힐스테이트영통,84.9,16층,144000,5606.3
2026.08.14,망포동,동수원자이1차,85.0,18층,71500,2781.1
2026.08.13,망포동,영통롯데캐슬엘클래스1단지,85.0,13층,109000,4239.0
2026.08.13,매교동,매교역푸르지오SKVIEW,85.0,4층,108500,4220.2
2026.08.12,망포동,영통아이파크캐슬2단지,84.7,9층,110000,4292.7
2026.08.11,영통동,벽산(1053-2),85.0,4층,61000,2372.9
2026.08.11,망포동,영통아이파크캐슬3단지,84.7,7층,101800,3970.8
2026.08.11,매교동,매교역푸르지오SKVIEW,85.0,9층,110000,4278.6
2026.08.11,매교동,매교역푸르지오SKVIEW,85.0,9층,114000,4434.2
2026.08.10,영통동,신나무실동보,84.9,9층,75800,2950.8
2026.08.10,망포동,영통롯데캐슬엘클래스1단지,85.0,17층,98000,3811.2
2026.08.10,망포동,늘푸른벽산,84.9,12층,66700,2595.7
2026.08.10,매교동,힐스테이트푸르지오수원,84.9,6층,95000,3697.7
2026.08.08,매교동,힐스테이트푸르지오수원,84.9,8층,94000,3658.8
2026.08.07,망포동,쌍용스윗닷홈2차,84.9,10층,40500,1576.8
2026.08.07,망포동,극동의푸른별,84.9,15층,48000,1868.8
2026.08.07,망포동,동수원자이1차,85.0,1층,59500,2314.3
2026.08.07,망포동,쌍용스윗닷홈2차,84.9,3층,45000,1752.0
2026.08.07,망포동,일신건영휴먼빌,84.3,6층,42500,1665.2
2026.08.07,망포동,망포벽산이빌리지,84.9,4층,44500,1732.3
2026.08.06,망포동,영통롯데캐슬엘클래스2단지,85.0,8층,85000,3305.6
2026.08.06,망포동,마젤란21,84.7,5층,52000,2028.5
2026.08.06,망포동,영통롯데캐슬엘클래스2단지,85.0,13층,94000,3655.4
2026.08.06,망포동,영통SKVIEW,84.5,7층,102000,3991.3
2026.08.06,망포동,망포벽산이빌리지,84.9,4층,50000,1946.4
2026.08.06,망포동,영통아이파크캐슬1단지,84.7,20층,130000,5073.2
2026.08.06,매교동,힐스테이트푸르지오수원,84.9,6층,90000,3503.1
2026.08.03,매교동,힐스테이트푸르지오수원,84.9,1층,84500,3289.0
2026.07.31,망포동,영통아이파크캐슬1단지,84.7,4층,130000,5073.2
2026.07.31,영통동,영통e-편한세상,85.0,8층,64000,2489.1
2026.07.31,망포동,영통아이파크캐슬2단지,84.7,14층,124000,4839.1
2026.07.31,매교동,힐스테이트푸르지오수원,84.9,12층,94900,3693.8
2026.07.30,영통동,풍림,84.8,10층,72700,2832.1
2026.07.30,망포동,영통아이파크캐슬1단지,84.7,11층,139000,5424.4
2026.07.29,영통동,영통3풍림아이원,84.9,11층,57500,2239.0
2026.07.28,망포동,극동의푸른별,84.9,2층,46000,1790.9
2026.07.28,영통동,영통e-편한세상,85.0,3층,61000,2372.4
2026.07.27,영통동,신나무실신명,84.9,6층,76000,2958.5
2026.07.27,망포동,방죽마을영통뜨란채,84.7,19층,60000,2341.8
2026.07.27,영통동,태영,84.9,4층,75000,2919.3
2026.07.24,망포동,영통롯데캐슬엘클래스1단지,84.9,14층,103000,4011.8
2026.07.24,영통동,신나무실극동,84.9,16층,86000,3347.8
2026.07.23,망포동,마젤란21(1101동),84.6,10층,57000,2226.5
2026.07.23,망포동,늘푸른벽산,84.9,15층,60000,2335.0
2026.07.23,망포동,동수원자이1차,85.0,13층,65700,2555.5
2026.07.23,영통동,태영,84.9,10층,73500,2860.9
2026.07.23,영통동,신나무실신명,84.9,17층,73000,2841.8
2026.07.23,영통동,영통에듀파크(331동~337동),85.0,10층,94500,3676.1
2026.07.23,매교동,건영캐스빌,82.6,4층,29000,1159.8
2026.07.23,매교동,매교역푸르지오SKVIEW,85.0,12층,104000,4045.2
2026.07.23,매교동,매교역푸르지오SKVIEW,85.0,20층,104000,4045.2
2026.07.23,매교동,힐스테이트푸르지오수원,84.9,10층,90000,3503.1
2026.07.22,망포동,힐스테이트영통,84.9,17층,138000,5372.7
2026.07.21,영통동,신나무실풍림,84.9,20층,84400,3285.5
2026.07.21,망포동,동수원자이1차,85.0,20층,62000,2411.6
2026.07.21,영통동,삼성,84.8,13층,75000,2921.7
2026.07.21,영통동,신나무실풍림,84.9,20층,84400,3285.5
2026.07.21,망포동,동수원자이1차,85.0,23층,62500,2431.0
2026.07.20,영통동,풍림,84.8,11층,66000,2571.1
2026.07.20,망포동,삼정라츠,84.9,3층,48000,1869.6
2026.07.20,망포동,영통아이파크캐슬3단지,84.7,10층,100000,3900.6
2026.07.19,망포동,동수원자이2차,84.9,15층,74300,2891.0
2026.07.18,영통동,삼성,84.9,14층,81000,3152.1
2026.07.18,망포동,망포역아이파크,85.0,7층,84500,3286.5
2026.07.18,매교동,힐스테이트푸르지오수원,84.9,15층,92000,3581.0
2026.07.17,망포동,망포역아이파크,85.0,8층,83000,3228.2
2026.07.17,망포동,쌍용스윗닷홈2차,84.9,6층,41500,1615.8
2026.07.17,망포동,영통롯데캐슬엘클래스2단지,85.0,10층,89000,3461.0
2026.07.16,영통동,영통아이파크,85.0,24층,51000,1983.9
2026.07.16,망포동,영통아이파크캐슬1단지,84.7,12층,132700,5178.6
2026.07.16,망포동,힐스테이트영통,84.9,9층,140600,5474.0
2026.07.16,망포동,한양수자인,85.0,1층,83000,3227.8
2026.07.16,망포동,방죽마을영통뜨란채,84.7,14층,67500,2634.5
2026.07.16,영통동,영통에듀파크(331동~337동),85.0,1층,85000,3306.6
2026.07.16,망포동,영통아이파크캐슬2단지,84.7,21층,117000,4565.9
2026.07.16,망포동,망포현대2아이파크,85.0,13층,68500,2663.6
2026.07.16,망포동,방죽마을영통뜨란채,84.7,7층,59000,2301.6
2026.07.16,매교동,힐스테이트푸르지오수원,84.9,5층,90000,3503.1
2026.07.15,영통동,태영,84.9,2층,66900,2604.9
2026.07.15,망포동,영통SKVIEW,84.6,10층,103000,4023.1
2026.07.15,망포동,동수원자이2차,84.9,8층,70300,2735.4
2026.07.15,망포동,망포마을쌍용1차,84.9,4층,69000,2687.0
2026.07.15,영통동,벽산(1053-2),85.0,3층,61500,2392.4
2026.07.15,망포동,망포벽산이빌리지,84.9,13층,44500,1732.3
2026.07.15,망포동,영통아이파크캐슬2단지,84.7,3층,108500,4234.2
2026.07.15,망포동,망포벽산이빌리지,84.9,5층,44900,1747.9
2026.07.15,망포동,영통롯데캐슬엘클래스1단지,85.0,16층,110000,4277.9
2026.07.15,영통동,신나무실풍림,84.9,3층,84800,3301.1
2026.07.14,영통동,벽산(1053-2),85.0,14층,66000,2567.4
2026.07.14,망포동,동수원자이2차,84.9,23층,71200,2770.4
2026.07.14,영통동,태영,84.9,11층,76000,2958.2
2026.07.13,망포동,영통롯데캐슬엘클래스1단지,85.0,1층,85500,3324.9
2026.07.13,영통동,태영,84.9,17층,70000,2725.6
2026.07.13,망포동,힐스테이트영통,84.9,17층,126000,4905.5
2026.07.13,망포동,동수원자이1차,85.0,12층,60500,2353.2
2026.07.13,매교동,매교역푸르지오SKVIEW,85.0,1층,89500,3481.2
2026.07.13,매교동,매교역푸르지오SKVIEW,85.0,14층,103400,4021.9
2026.07.11,매교동,매교역푸르지오SKVIEW,85.0,6층,107500,4181.3
2026.07.10,망포동,영통롯데캐슬엘클래스1단지,85.0,8층,95000,3694.5
2026.07.10,망포동,망포벽산이빌리지,84.9,13층,50000,1946.4
2026.07.10,망포동,한양수자인,85.0,4층,88800,3453.4
2026.07.10,영통동,신나무실동보,84.9,16층,74000,2880.7
2026.07.10,망포동,망포마을쌍용1차,84.9,10층,75000,2920.7
2026.07.10,영통동,삼성,84.8,13층,67200,2617.8
2026.07.10,망포동,방죽마을영통뜨란채,84.7,17층,60000,2340.7
2026.07.10,매교동,건영캐스빌,82.6,13층,34200,1367.8
2026.07.10,매교동,매교역푸르지오SKVIEW,85.0,16층,105000,4084.1
2026.07.09,망포동,영통롯데캐슬엘클래스1단지,85.0,16층,94500,3675.1
2026.07.09,망포동,영통롯데캐슬엘클래스2단지,85.0,3층,83000,3227.7
2026.07.09,망포동,영통아이파크캐슬1단지,84.7,17층,117500,4585.4
2026.07.09,매교동,힐스테이트푸르지오수원,84.9,14층,93000,3619.9
2026.07.08,망포동,힐스테이트영통,84.9,11층,130000,5061.3
2026.07.08,영통동,신나무실풍림,84.9,6층,85000,3308.9
2026.07.08,매교동,힐스테이트푸르지오수원,84.9,13층,95000,3697.7
2026.07.08,매교동,매교역푸르지오SKVIEW,85.0,2층,88700,3450.1
2026.07.07,망포동,동수원자이1차,85.0,7층,60000,2333.8
2026.07.07,영통동,청명센트레빌,84.9,18층,64000,2490.0
2026.07.07,매교동,매교역푸르지오SKVIEW,85.0,18층,104000,4045.2
2026.07.06,영통동,영통e-편한세상,85.0,6층,61700,2399.6
2026.07.06,망포동,힐스테이트영통,84.5,7층,129700,5071.1
2026.07.06,매교동,매교역푸르지오SKVIEW,85.0,14층,98000,3811.8
2026.07.04,망포동,영통롯데캐슬엘클래스1단지,85.0,2층,90000,3500.1
2026.07.04,매교동,매교역푸르지오SKVIEW,85.0,16층,100500,3909.1
2026.07.03,영통동,영통e-편한세상,85.0,2층,60000,2333.5
2026.07.03,망포동,힐스테이트영통,84.9,25층,138000,5372.7
2026.07.03,영통동,태영,84.9,17층,70000,2725.6
2026.07.03,망포동,힐스테이트영통,84.9,25층,138000,5372.7
2026.07.03,망포동,힐스테이트영통,84.5,26층,129000,5043.7
2026.07.03,망포동,늘푸른벽산,84.9,10층,55400,2156.0
2026.07.02,망포동,망포벽산이빌리지,84.9,9층,44400,1728.4
2026.07.02,망포동,힐스테이트영통,84.9,7층,135000,5255.9
2026.07.02,망포동,영통아이파크캐슬1단지,84.7,8층,125000,4878.1
2026.07.02,영통동,신나무실극동,84.9,18층,89000,3464.6
2026.07.02,영통동,청명센트레빌,84.9,7층,63000,2451.1
2026.07.02,매교동,힐스테이트푸르지오수원,84.9,14층,93000,3619.9
2026.07.02,매교동,매교역푸르지오SKVIEW,85.0,1층,89500,3481.2
2026.07.01,영통동,영통에듀파크(321동~327동),85.0,19층,90000,3501.1
2026.07.01,망포동,동수원자이2차,84.9,8층,72500,2821.0
2026.07.01,망포동,힐스테이트영통,84.9,14층,140000,5450.6
2026.07.01,망포동,영통아이파크캐슬2단지,84.7,3층,102000,3980.5
2026.07.01,매교동,매교역푸르지오SKVIEW,85.0,14층,107000,4161.9
2026.06.30,망포동,힐스테이트영통,84.9,21층,124000,4827.7
2026.06.30,망포동,망포현대2아이파크,85.0,1층,59500,2313.6
2026.06.29,영통동,영통3풍림아이원,84.9,12층,63000,2453.1
2026.06.29,망포동,영통아이파크캐슬3단지,84.7,17층,103000,4017.6
2026.06.29,매교동,힐스테이트푸르지오수원,84.9,6층,91500,3561.5
2026.06.27,매교동,매교역푸르지오SKVIEW,85.0,2층,90000,3500.6
2026.06.26,영통동,벽산(1053-2),85.0,13층,61000,2372.9
2026.06.26,영통동,신나무실풍림,84.9,9층,86800,3379.0
2026.06.26,영통동,영통에듀파크(321동~327동),85.0,19층,88000,3423.3
2026.06.26,망포동,일신건영휴먼빌,84.3,4층,40400,1583.0
2026.06.26,매교동,매교역푸르지오SKVIEW,85.0,5층,104700,4072.4
2026.06.25,영통동,영통에듀파크(321동~327동),85.0,12층,89500,3481.6
2026.06.25,영통동,영통에듀파크(331동~337동),85.0,9층,90000,3501.1
2026.06.25,영통동,신나무실풍림,84.9,8층,85000,3308.9
2026.06.24,망포동,마젤란21(1101동),84.6,11층,53000,2070.3
2026.06.24,매교동,매교역푸르지오SKVIEW,85.0,7층,105000,4084.1
2026.06.22,망포동,삼정라츠,84.9,14층,48000,1869.6
2026.06.22,망포동,동수원자이1차,85.0,21층,65000,2528.3
2026.06.22,망포동,늘푸른벽산,84.9,4층,51700,2012.0
2026.06.22,망포동,영통롯데캐슬엘클래스2단지,84.9,2층,83900,3267.9
2026.06.22,매교동,매교역푸르지오SKVIEW,85.0,11층,105000,4084.1
2026.06.20,망포동,영통SKVIEW,84.6,4층,99500,3886.4
2026.06.20,망포동,영통아이파크캐슬1단지,84.7,18층,117500,4585.4
2026.06.20,망포동,영통아이파크캐슬2단지,84.7,15층,108000,4214.7
2026.06.20,망포동,영통아이파크캐슬2단지,84.7,5층,105000,4097.6
2026.06.20,망포동,방죽마을영통뜨란채,84.7,19층,57000,2224.7
2026.06.20,망포동,방죽마을영통뜨란채,84.7,20층,63300,2469.4
2026.06.20,영통동,풍림,84.8,12층,60000,2337.3
2026.06.20,망포동,쌍용스윗닷홈2차,84.9,3층,41500,1615.8
2026.06.20,망포동,영통아이파크캐슬1단지,84.7,20층,118500,4624.4
2026.06.20,영통동,영통에듀파크(331동~337동),85.0,17층,85400,3322.1
2026.06.20,망포동,힐스테이트영통,84.9,17층,127000,4944.5
2026.06.20,망포동,영통SKVIEW,84.7,25층,100000,3900.3
2026.06.20,매교동,힐스테이트푸르지오수원,84.9,4층,89700,3491.4
2026.06.20,매교동,매교역푸르지오SKVIEW,85.0,2층,92000,3578.4
2026.06.19,영통동,태영,84.9,15층,70000,2724.6
2026.06.19,망포동,영통SKVIEW,84.5,16층,104000,4069.5
2026.06.19,매교동,매교역푸르지오SKVIEW,85.0,18층,99000,3850.7
2026.06.18,영통동,청명센트레빌,84.9,8층,65000,2528.9
2026.06.18,망포동,영통SKVIEW,84.6,19층,95200,3718.4
2026.06.18,매교동,매교역푸르지오SKVIEW,85.0,9층,99000,3850.7
2026.06.17,망포동,영통롯데캐슬엘클래스1단지,85.0,10층,96500,3752.9
2026.06.17,망포동,동수원자이1차,85.0,9층,64000,2489.4
2026.06.17,망포동,영통아이파크캐슬2단지,84.7,3층,103000,4019.5
2026.06.17,영통동,신나무실동보,84.9,5층,72900,2837.9
2026.06.17,망포동,동수원자이1차,85.0,19층,63000,2450.5
2026.06.16,영통동,태영,84.9,15층,74000,2880.3
2026.06.16,망포동,영통롯데캐슬엘클래스2단지,85.0,8층,84200,3274.3
2026.06.16,영통동,벽산(1053-2),85.0,8층,59000,2295.1
2026.06.15,망포동,영통롯데캐슬엘클래스2단지,85.0,8층,84500,3286.2
2026.06.15,영통동,신나무실풍림,84.9,14층,85000,3308.9
2026.06.15,망포동,망포벽산이빌리지,84.9,9층,44200,1720.6
2026.06.15,망포동,일신건영휴먼빌,84.1,10층,42700,1678.8
2026.06.15,영통동,신나무실신명,84.9,13층,76000,2958.5
2026.06.15,망포동,망포벽산이빌리지,84.9,11층,43500,1693.4
2026.06.15,매교동,매교역푸르지오SKVIEW,85.0,15층,99000,3850.7
2026.06.14,매교동,매교역푸르지오SKVIEW,85.0,12층,101500,3948.0
2026.06.13,매교동,매교역푸르지오SKVIEW,85.0,5층,96900,3769.0
2026.06.12,망포동,방죽마을영통뜨란채,84.7,19층,56000,2185.6
2026.06.12,영통동,신나무실동보,84.9,3층,63000,2452.5
2026.06.12,영통동,영통3풍림아이원,84.9,1층,53500,2083.2
2026.06.12,매교동,매교역푸르지오SKVIEW,85.0,6층,93000,3617.3
2026.06.11,영통동,신나무실극동,84.9,2층,80000,3114.3
2026.06.11,망포동,방죽마을영통뜨란채,84.7,1층,51000,1990.5
2026.06.11,망포동,힐스테이트영통,84.9,17층,129000,5022.3
2026.06.11,망포동,영통롯데캐슬엘클래스1단지,85.0,9층,95000,3694.5
2026.06.11,영통동,영통e-편한세상,85.0,5층,57800,2247.9
2026.06.11,매교동,매교역푸르지오SKVIEW,85.0,17층,100000,3889.6
2026.06.11,매교동,힐스테이트푸르지오수원,84.9,1층,85000,3308.5
2026.06.10,망포동,늘푸른벽산,84.9,20층,52000,2023.7
2026.06.10,영통동,신나무실극동,84.9,7층,84900,3305.0
2026.06.10,망포동,망포마을쌍용1차,84.9,1층,62300,2426.1
2026.06.10,망포동,힐스테이트영통,84.9,23층,130000,5061.3
2026.06.09,망포동,엘지동수원자이,85.0,18층,60000,2333.4
2026.06.09,망포동,동수원자이2차,84.9,22층,68300,2657.6
2026.06.06,망포동,영통롯데캐슬엘클래스1단지,85.0,14층,92500,3597.3
2026.06.06,매교동,매교역푸르지오SKVIEW,85.0,12층,99000,3850.7
2026.06.05,망포동,힐스테이트영통,84.5,21층,130000,5082.8
2026.06.05,망포동,늘푸른벽산,84.9,8층,53000,2062.6
2026.06.05,망포동,동수원자이1차,85.0,7층,64250,2499.1
2026.06.05,망포동,늘푸른벽산,84.9,19층,57000,2218.3
2026.06.04,매교동,매교역푸르지오SKVIEW,85.0,10층,103000,4006.3
2026.06.03,영통동,풍림,84.8,1층,48000,1869.9
2026.06.03,영통동,태영,84.9,5층,71800,2794.7
2026.06.03,영통동,벽산(1053-2),85.0,8층,63000,2450.7
2026.06.03,매교동,매교역푸르지오SKVIEW,85.0,11층,104700,4072.4
2026.06.02,영통동,영통아이파크,85.0,22층,47200,1835.3
2026.06.02,망포동,삼정라츠,84.9,10층,48000,1869.6
2026.06.02,매교동,힐스테이트푸르지오수원,84.9,11층,89000,3464.2
2026.06.01,망포동,영통아이파크캐슬1단지,84.7,5층,118000,4604.9
2026.06.01,망포동,엘지동수원자이,85.0,19층,68000,2644.5
2026.05.30,망포동,영통아이파크캐슬2단지,84.7,14층,105000,4097.6
2026.05.30,망포동,삼정라츠,84.9,15층,46000,1791.7
2026.05.30,영통동,영통에듀파크(321동~327동),85.0,14층,86900,3380.5
2026.05.30,망포동,영통아이파크캐슬2단지,84.7,23층,107000,4175.6
2026.05.30,영통동,풍림,84.8,6층,59900,2333.4
2026.05.30,영통동,영통에듀파크(331동~337동),85.0,13층,87300,3396.0
2026.05.30,매교동,매교역푸르지오SKVIEW,85.0,9층,98000,3811.8
2026.05.29,망포동,동수원자이1차,85.0,5층,59000,2294.9
2026.05.29,망포동,영통아이파크캐슬1단지,84.7,3층,111000,4331.7
2026.05.29,망포동,영통아이파크캐슬3단지,84.7,9층,96500,3764.1
2026.05.29,망포동,영통아이파크캐슬1단지,84.7,9층,109250,4263.4
2026.05.29,매교동,건영캐스빌,82.6,8층,30000,1199.8
2026.05.29,매교동,매교역푸르지오SKVIEW,85.0,9층,100500,3909.1
2026.05.29,매교동,힐스테이트푸르지오수원,84.9,14층,95000,3697.7
2026.05.28,망포동,영통SKVIEW,84.6,15층,99000,3866.9
2026.05.28,망포동,영통아이파크캐슬1단지,84.7,9층,120000,4683.0
2026.05.27,망포동,영통아이파크캐슬2단지,84.7,1층,91800,3582.5
2026.05.27,영통동,벽산(1053-2),85.0,15층,59000,2295.1
2026.05.27,매교동,매교역푸르지오SKVIEW,85.0,15층,102000,3967.4
2026.05.27,매교동,매교역푸르지오SKVIEW,85.0,4층,96500,3753.5
2026.05.25,영통동,신나무실신명,84.9,18층,71750,2793.1
2026.05.23,영통동,신나무실동보,84.9,17층,73000,2841.8
2026.05.23,매교동,매교역푸르지오SKVIEW,85.0,13층,103000,4006.3
2026.05.22,영통동,풍림,84.8,10층,55000,2142.6
2026.05.22,영통동,신나무실동보,84.9,3층,72500,2822.3
2026.05.22,망포동,영통SKVIEW,84.6,7층,98000,3827.8
2026.05.22,망포동,힐스테이트영통,84.5,12층,127000,4965.5
2026.05.22,매교동,힐스테이트푸르지오수원,84.9,3층,84500,3289.0
2026.05.21,영통동,영통에듀파크(321동~327동),85.0,20층,87700,3411.6
2026.05.21,망포동,망포현대2아이파크,85.0,8층,62500,2430.3
2026.05.20,영통동,신나무실극동,84.9,17층,83300,3242.7
2026.05.20,영통동,영통e-편한세상,85.0,14층,54500,2119.6
2026.05.19,영통동,영통에듀파크(331동~337동),85.0,18층,56000,2178.4
2026.05.19,망포동,영통롯데캐슬엘클래스1단지,85.0,6층,88000,3422.3
2026.05.19,영통동,벽산(1053-2),85.0,10층,54000,2100.6
2026.05.19,영통동,신나무실풍림,84.9,11층,85000,3308.9
2026.05.18,망포동,쌍용스윗닷홈2차,84.9,15층,41500,1615.8
2026.05.18,영통동,벽산(1053-2),85.0,14층,56000,2178.4
2026.05.16,영통동,벽산(1053-2),85.0,20층,50500,1964.5
2026.05.16,망포동,망포마을쌍용1차,84.9,16층,66500,2589.6
2026.05.16,영통동,영통에듀파크(321동~327동),85.0,20층,81500,3170.4
2026.05.16,망포동,영통SKVIEW,84.5,3층,91000,3560.8
2026.05.16,망포동,방죽마을영통뜨란채,84.7,16층,52000,2029.5
2026.05.16,영통동,신나무실신명,84.9,5층,70000,2725.0
2026.05.15,망포동,방죽마을영통뜨란채,84.7,3층,53500,2088.1
2026.05.15,영통동,영통에듀파크(331동~337동),85.0,6층,87200,3392.1
2026.05.15,영통동,영통에듀파크(331동~337동),85.0,14층,83000,3228.8
2026.05.15,매교동,건영캐스빌,82.6,3층,31500,1259.8
2026.05.15,매교동,매교역푸르지오SKVIEW,85.0,8층,95800,3726.2
2026.05.15,매교동,매교역푸르지오SKVIEW,85.0,8층,93000,3617.3
2026.05.14,망포동,영통롯데캐슬엘클래스2단지,85.0,1층,78000,3033.2
2026.05.14,영통동,풍림,84.8,17층,60000,2337.3
2026.05.14,망포동,영통아이파크캐슬2단지,84.7,2층,90000,3512.2
2026.05.14,영통동,신나무실풍림,84.9,1층,75500,2939.1
2026.05.14,영통동,영통아이파크,85.0,14층,45500,1770.0
2026.05.14,망포동,영통아이파크캐슬2단지,84.7,5층,97000,3785.4
2026.05.13,망포동,극동의푸른별,84.9,2층,45300,1763.7
2026.05.13,망포동,동수원자이2차,84.9,7층,71000,2762.6
2026.05.13,영통동,태영,84.9,4층,69000,2685.7
2026.05.13,망포동,방죽마을영통뜨란채,84.7,11층,51000,1990.5
2026.05.13,영통동,청명센트레빌,84.9,6층,62500,2431.7
2026.05.12,영통동,태영,84.9,15층,61000,2375.2
2026.05.12,영통동,벽산(1053-2),85.0,14층,55000,2139.5
2026.05.12,영통동,신나무실동보,84.9,11층,70000,2725.0
2026.05.11,망포동,방죽마을영통뜨란채,84.7,3층,55500,2165.1
2026.05.11,망포동,힐스테이트영통,84.5,5층,127500,4985.0
2026.05.11,망포동,영통롯데캐슬엘클래스2단지,85.0,15층,81500,3169.4
2026.05.11,망포동,늘푸른벽산,84.9,11층,52000,2023.7
2026.05.11,망포동,동수원자이1차,85.0,2층,60000,2333.8
2026.05.11,영통동,영통3풍림아이원,84.9,6층,54400,2118.3
2026.05.11,망포동,방죽마을영통뜨란채,84.7,5층,49800,1943.7
2026.05.11,매교동,힐스테이트푸르지오수원,84.9,12층,91000,3542.0
2026.05.08,영통동,신나무실극동,84.9,11층,86000,3347.8
2026.05.08,영통동,신나무실신명,84.9,12층,67800,2639.3
2026.05.08,망포동,삼정라츠,84.9,8층,46500,1811.1
2026.05.08,망포동,힐스테이트영통,84.5,7층,130000,5082.8
2026.05.08,망포동,영통롯데캐슬엘클래스2단지,85.0,13층,82500,3208.2
2026.05.07,영통동,청명센트레빌,84.9,4층,61000,2373.3
2026.05.07,영통동,영통에듀파크(331동~337동),85.0,13층,85000,3306.6
2026.05.07,망포동,힐스테이트영통,84.5,8층,119000,4652.7
2026.05.07,영통동,삼성,84.9,13층,70000,2724.0
2026.05.06,망포동,힐스테이트영통,84.5,13층,117000,4574.5
2026.05.06,망포동,망포마을쌍용1차,84.9,17층,69700,2714.3
2026.05.06,망포동,영통롯데캐슬엘클래스2단지,85.0,4층,81700,3177.3
2026.05.05,영통동,건영1차,85.0,5층,78000,3033.2
2026.05.05,영통동,영통3풍림아이원,84.9,16층,52800,2056.0
2026.05.05,영통동,영통에듀파크(331동~337동),85.0,2층,81800,3182.1
2026.05.05,매교동,매교역푸르지오SKVIEW,85.0,6층,98700,3839.0
2026.05.04,망포동,방죽마을영통뜨란채,84.7,17층,36000,1404.4
2026.05.04,영통동,신나무실신명,84.9,11층,68500,2666.6
2026.05.04,매교동,매교역푸르지오SKVIEW,85.0,11층,95000,3695.1
2026.05.02,영통동,신나무실동보,84.9,1층,59500,2316.2
2026.05.02,망포동,영통롯데캐슬엘클래스1단지,85.0,14층,89000,3461.0
2026.05.02,매교동,매교역푸르지오SKVIEW,85.0,16층,98800,3842.9
2026.05.02,매교동,매교역푸르지오SKVIEW,85.0,8층,95500,3714.6
2026.05.01,망포동,방죽마을영통뜨란채,84.7,2층,50100,1955.4
2026.05.01,영통동,영통에듀파크(331동~337동),85.0,8층,86500,3364.9
2026.05.01,망포동,늘푸른벽산,84.9,4층,50500,1965.3
2026.05.01,영통동,영통e-편한세상,85.0,13층,55000,2139.0
2026.05.01,영통동,신나무실동보,84.9,12층,63000,2452.5
2026.05.01,매교동,힐스테이트푸르지오수원,84.9,5층,85800,3339.6
2026.04.30,망포동,힐스테이트영통,84.9,21층,127500,4963.9
2026.04.30,망포동,동수원자이1차,85.0,4층,63800,2481.6
2026.04.30,영통동,삼성,84.9,12층,65000,2529.4
2026.04.30,망포동,힐스테이트영통,84.5,23층,128000,5004.6
2026.04.30,영통동,신나무실동보,84.9,8층,68800,2678.3
2026.04.30,망포동,영통롯데캐슬엘클래스1단지,85.0,7층,91000,3539.0
2026.04.29,영통동,영통에듀파크(331동~337동),85.0,18층,88000,3423.3
2026.04.29,영통동,신나무실동보,84.9,13층,69800,2717.2
2026.04.29,망포동,방죽마을영통뜨란채,84.7,21층,56000,2184.6
2026.04.29,영통동,풍림,84.8,3층,48300,1881.6
2026.04.29,매교동,매교역푸르지오SKVIEW,85.0,14층,105000,4084.1
2026.04.28,영통동,영통에듀파크(331동~337동),85.0,10층,86900,3380.5
2026.04.28,영통동,영통에듀파크(331동~337동),85.0,10층,86900,3380.5
2026.04.28,망포동,쌍용스윗닷홈2차,84.9,10층,40000,1557.4
2026.04.28,영통동,영통e-편한세상,85.0,4층,58000,2255.7
2026.04.28,망포동,동수원자이1차,85.0,5층,61500,2392.1
2026.04.28,영통동,신나무실신명,84.9,5층,65750,2559.5
2026.04.28,망포동,영통아이파크캐슬3단지,84.7,5층,97000,3783.6
2026.04.27,망포동,늘푸른벽산,84.9,4층,55000,2140.4
2026.04.27,망포동,동수원자이1차,85.0,8층,60000,2333.8
2026.04.27,영통동,영통e-편한세상,85.0,2층,52500,2041.8
2026.04.27,망포동,늘푸른벽산,84.9,2층,53700,2089.8
2026.04.27,망포동,영통아이파크캐슬2단지,84.7,16층,97000,3785.4
2026.04.25,망포동,삼정라츠,84.9,5층,30000,1168.5
2026.04.23,영통동,영통3풍림아이원,84.9,21층,50000,1946.9
2026.04.22,영통동,풍림,84.8,16층,54500,2123.1
2026.04.22,망포동,힐스테이트영통,84.9,24층,129700,5049.6
2026.04.22,망포동,방죽마을영통뜨란채,84.7,13층,53000,2068.6
2026.04.21,영통동,벽산(1053-2),85.0,3층,54500,2120.1
2026.04.21,망포동,힐스테이트영통,84.9,15층,127800,4975.6
2026.04.20,영통동,신나무실동보,84.9,1층,59000,2296.8
2026.04.20,망포동,힐스테이트영통,84.9,29층,127000,4944.5
2026.04.20,영통동,벽산(1053-2),85.0,16층,54000,2100.6
2026.04.20,망포동,방죽마을영통뜨란채,84.7,11층,53500,2088.1
2026.04.20,망포동,쌍용스윗닷홈2차,84.9,10층,40000,1557.4
2026.04.20,망포동,망포벽산이빌리지,84.9,15층,44000,1712.8
2026.04.20,망포동,동수원자이1차,85.0,19층,60000,2333.8
2026.04.20,영통동,영통3풍림아이원,84.9,4층,55300,2153.3
2026.04.20,영통동,신나무실동보,84.9,13층,67000,2608.2
2026.04.18,영통동,풍림,84.8,1층,51800,2017.9
2026.04.18,영통동,영통에듀파크(331동~337동),85.0,13층,81700,3178.2
2026.04.18,망포동,방죽마을영통뜨란채,84.7,9층,56000,2184.6
2026.04.18,망포동,영통롯데캐슬엘클래스1단지,85.0,6층,87800,3414.5
2026.04.18,망포동,망포벽산이빌리지,84.9,3층,46500,1810.2
2026.04.17,영통동,벽산(1053-2),85.0,17층,55000,2139.5
2026.04.17,영통동,신나무실신명,84.9,16층,75000,2919.6
2026.04.16,영통동,신나무실신명,84.9,10층,74500,2900.1
2026.04.16,망포동,엘지동수원자이,85.0,9층,62300,2422.8
2026.04.16,영통동,풍림,84.8,11층,54000,2103.6
2026.04.16,망포동,늘푸른벽산,84.9,4층,54000,2101.5
2026.04.16,매교동,매교역푸르지오SKVIEW,85.0,3층,94000,3656.2
2026.04.15,망포동,영통아이파크캐슬1단지,84.7,10층,115000,4487.8
2026.04.15,영통동,신나무실동보,84.9,9층,66000,2569.3
2026.04.15,영통동,신나무실극동,84.9,17층,82200,3199.9
2026.04.15,망포동,영통롯데캐슬엘클래스2단지,85.0,2층,80000,3111.2
2026.04.15,영통동,영통에듀파크(321동~327동),85.0,3층,83500,3248.2
2026.04.15,망포동,삼정라츠,84.9,11층,42000,1635.9
2026.04.15,망포동,힐스테이트영통,84.9,13층,127000,4944.5
2026.04.15,영통동,삼성,84.9,1층,61700,2401.0
2026.04.15,망포동,늘푸른벽산,84.9,20층,50000,1945.8
2026.04.15,망포동,엘지동수원자이,85.0,25층,58000,2255.6
2026.04.15,망포동,방죽마을영통뜨란채,84.7,8층,53000,2068.6
2026.04.15,영통동,영통에듀파크(331동~337동),85.0,8층,82000,3189.9
2026.04.14,영통동,영통3풍림아이원,84.9,14층,55000,2141.6
2026.04.14,영통동,신나무실신명,84.9,13층,73000,2841.8
2026.04.14,망포동,동수원자이1차,85.0,14층,61500,2392.1
2026.04.13,망포동,망포마을쌍용1차,84.9,14층,64000,2492.3
2026.04.13,망포동,동수원자이1차,85.0,4층,60000,2333.8
2026.04.13,매교동,힐스테이트푸르지오수원,84.9,2층,81000,3152.8
2026.04.11,매교동,매교역푸르지오SKVIEW,85.0,5층,96800,3765.1
2026.04.11,매교동,힐스테이트푸르지오수원,84.9,7층,89000,3464.2
2026.04.11,매교동,힐스테이트푸르지오수원,84.9,4층,83250,3240.4
2026.04.10,망포동,동수원자이1차,85.0,5층,59000,2294.9
2026.04.10,영통동,신나무실신명,84.9,16층,68000,2647.1
2026.04.10,망포동,영통아이파크캐슬2단지,84.7,7층,104800,4089.8
2026.04.10,영통동,영통에듀파크(321동~327동),85.0,2층,83500,3248.2
2026.04.10,망포동,망포마을쌍용1차,84.9,12층,66300,2581.9
2026.04.10,망포동,마젤란21(1101동),84.6,3층,51800,2023.4
2026.04.10,망포동,극동의푸른별,84.9,14층,51200,1993.4
2026.04.10,망포동,영통롯데캐슬엘클래스1단지,85.0,8층,90000,3500.1
2026.04.10,영통동,벽산(1053-2),85.0,20층,52500,2042.3
2026.04.10,망포동,방죽마을영통뜨란채,84.7,17층,59000,2302.7
2026.04.10,망포동,망포역아이파크,85.0,18층,65000,2528.1
2026.04.09,영통동,영통아이파크,85.0,28층,45000,1750.5
2026.04.09,망포동,영통아이파크캐슬1단지,84.7,17층,119500,4663.4
2026.04.09,망포동,힐스테이트영통,84.9,16층,127000,4944.5
2026.04.09,매교동,매교역푸르지오SKVIEW,85.0,7층,99000,3850.7
2026.04.08,망포동,힐스테이트영통,84.5,10층,123000,4809.1
2026.04.08,영통동,영통아이파크,85.0,6층,43750,1702.0
2026.04.07,영통동,신나무실건영,85.0,16층,87000,3383.2
2026.04.07,영통동,영통에듀파크(321동~327동),85.0,3층,79800,3104.3
2026.04.07,망포동,영통롯데캐슬엘클래스1단지,84.9,6층,93500,3641.8
2026.04.06,망포동,힐스테이트영통,84.9,4층,123500,4808.2
2026.04.06,망포동,동수원자이2차,84.9,9층,70500,2743.2
2026.04.06,망포동,쌍용스윗닷홈2차,84.9,5층,38000,1479.5
2026.04.06,망포동,영통롯데캐슬엘클래스1단지,85.0,5층,85700,3332.9
2026.04.06,영통동,벽산(1053-2),85.0,2층,47620,1852.4
2026.04.06,망포동,망포벽산이빌리지,84.9,2층,39000,1518.2
2026.04.04,영통동,삼성,84.9,11층,68000,2646.2
2026.04.04,망포동,영통롯데캐슬엘클래스1단지,85.0,12층,90000,3500.1
2026.04.04,망포동,망포현대2아이파크,85.0,19층,63000,2449.7
2026.04.04,망포동,한양수자인,85.0,2층,81000,3150.0
2026.04.04,망포동,삼정라츠,84.9,4층,44000,1713.8
2026.04.04,영통동,풍림,84.8,1층,48400,1885.5
2026.04.04,영통동,영통에듀파크(321동~327동),85.0,3층,84000,3267.7
2026.04.04,망포동,동수원자이2차,84.9,14층,65200,2536.9
2026.04.03,망포동,망포마을쌍용1차,84.9,13층,58000,2258.6
2026.04.03,망포동,영통아이파크캐슬2단지,84.7,20층,98000,3824.4
2026.04.03,영통동,삼성,84.8,6층,62000,2415.3
2026.04.03,망포동,삼정라츠,84.9,3층,40000,1558.0
2026.04.03,영통동,삼성,84.8,5층,57800,2251.6
2026.04.03,영통동,영통에듀파크(321동~327동),85.0,18층,81000,3151.0
2026.04.02,영통동,신나무실풍림,84.9,18층,78000,3036.4
2026.04.02,매교동,힐스테이트푸르지오수원,84.9,12층,89000,3464.2
2026.04.01,영통동,영통에듀파크(331동~337동),85.0,12층,83000,3228.8
2026.04.01,영통동,태영,84.9,1층,48000,1868.3
2026.04.01,망포동,방죽마을영통뜨란채,84.7,11층,56000,2184.6
2026.04.01,영통동,삼성,84.8,11층,62500,2434.7
2026.03.31,망포동,영통롯데캐슬엘클래스2단지,85.0,8층,83500,3247.3
2026.03.31,영통동,태영,84.9,5층,64300,2503.7
2026.03.31,매교동,매교역푸르지오SKVIEW,85.0,15층,98000,3811.8
2026.03.31,매교동,힐스테이트푸르지오수원,84.9,5층,83800,3261.8
2026.03.30,영통동,삼성,84.8,14층,62500,2434.7
2026.03.30,영통동,삼성,84.8,14층,62500,2434.7
2026.03.30,망포동,힐스테이트영통,84.5,11층,122000,4770.0
2026.03.30,매교동,매교역푸르지오SKVIEW,85.0,13층,102500,3986.8
2026.03.29,매교동,매교역푸르지오SKVIEW,85.0,13층,98300,3823.5
2026.03.28,매교동,매교역푸르지오SKVIEW,85.0,8층,99500,3870.2
2026.03.27,영통동,벽산(1053-2),85.0,11층,55000,2139.5
2026.03.27,영통동,영통에듀파크(331동~337동),85.0,16층,85000,3306.6
2026.03.27,망포동,늘푸른벽산,84.9,15층,49900,1941.9
2026.03.27,영통동,벽산(1053-2),85.0,9층,52000,2022.8
2026.03.26,망포동,마젤란21(1101동),84.6,8층,49500,1933.6
2026.03.26,영통동,영통에듀파크(331동~337동),85.0,2층,75500,2937.0
2026.03.25,영통동,영통에듀파크(321동~327동),85.0,6층,81000,3151.0
2026.03.25,망포동,영통롯데캐슬엘클래스2단지,85.0,3층,79500,3091.7
2026.03.25,망포동,영통롯데캐슬엘클래스1단지,85.0,6층,89000,3461.0
2026.03.25,망포동,동수원자이1차,85.0,13층,61000,2372.7
2026.03.25,망포동,방죽마을영통뜨란채,84.7,13층,61000,2379.7
2026.03.25,매교동,매교역푸르지오SKVIEW,85.0,16층,96000,3734.0
2026.03.24,망포동,쌍용스윗닷홈2차,84.9,15층,41000,1596.3
2026.03.24,망포동,영통롯데캐슬엘클래스2단지,85.0,7층,85000,3305.6
2026.03.24,망포동,영통아이파크캐슬1단지,84.7,19층,112000,4370.8
2026.03.24,망포동,늘푸른벽산,84.9,6층,49900,1941.9
2026.03.24,영통동,영통에듀파크(321동~327동),85.0,4층,81000,3151.0
2026.03.23,망포동,힐스테이트영통,84.9,22층,130000,5061.3
2026.03.23,영통동,삼성,84.9,10층,69300,2696.8
2026.03.21,망포동,늘푸른벽산,84.9,12층,54800,2132.6
2026.03.21,망포동,삼정라츠,84.9,1층,38300,1491.8
2026.03.21,영통동,영통e-편한세상,85.0,6층,56000,2177.9
2026.03.21,영통동,영통e-편한세상,85.0,7층,55000,2139.0
2026.03.21,영통동,신나무실풍림,84.9,4층,77000,2997.5
2026.03.21,망포동,엘지동수원자이,85.0,25층,59000,2294.5
2026.03.21,망포동,동수원자이2차,84.9,1층,55000,2140.1
2026.03.20,영통동,건영1차,85.0,15층,78000,3033.2
2026.03.20,영통동,신나무실풍림,84.9,16층,81000,3153.2
2026.03.20,영통동,삼성,84.9,3층,62700,2439.9
2026.03.19,영통동,신나무실극동,84.9,19층,80500,3133.7
2026.03.19,영통동,태영,84.9,8층,57900,2254.5
2026.03.19,망포동,늘푸른벽산,84.9,5층,51000,1984.8
2026.03.19,망포동,동수원자이1차,85.0,6층,65000,2528.3
2026.03.19,망포동,늘푸른벽산,84.9,13층,51500,2004.2
2026.03.18,망포동,영통롯데캐슬엘클래스2단지,85.0,14층,84500,3286.2
2026.03.18,망포동,동수원자이2차,84.9,14층,63500,2470.8
2026.03.18,매교동,힐스테이트푸르지오수원,84.9,13층,85800,3339.6
2026.03.18,매교동,매교역푸르지오SKVIEW,85.0,11층,99000,3850.7
2026.03.17,망포동,동수원자이1차,85.0,18층,66000,2567.2
2026.03.17,영통동,영통에듀파크(321동~327동),85.0,16층,82000,3189.9
2026.03.17,망포동,마젤란21,84.7,10층,46800,1825.6
2026.03.17,망포동,망포현대2아이파크,85.0,6층,66000,2566.4
2026.03.17,매교동,매교역푸르지오SKVIEW,85.0,12층,104000,4045.2
2026.03.16,망포동,늘푸른벽산,84.9,9층,55000,2140.4
2026.03.16,망포동,망포마을쌍용1차,84.9,9층,64500,2511.8
2026.03.16,망포동,영통아이파크캐슬3단지,84.7,4층,96500,3764.1
2026.03.14,영통동,삼성,84.8,11층,65300,2543.8
2026.03.14,망포동,영통롯데캐슬엘클래스2단지,85.0,3층,80800,3142.3
2026.03.13,망포동,마젤란21(1101동),84.6,9층,46200,1804.7
2026.03.13,영통동,삼성,84.9,7층,72000,2801.8
2026.03.13,망포동,한양수자인,85.0,4층,82700,3216.1
2026.03.13,망포동,영통아이파크캐슬1단지,84.7,17층,116000,4526.9
2026.03.13,영통동,벽산(1053-2),85.0,2층,48500,1886.7
2026.03.13,매교동,매교역푸르지오SKVIEW,85.0,11층,96000,3734.0
2026.03.12,망포동,동수원자이1차,85.0,13층,63000,2450.5
2026.03.12,영통동,태영,84.9,7층,64700,2519.2
2026.03.12,망포동,방죽마을영통뜨란채,84.7,3층,53500,2087.1
2026.03.12,영통동,영통e-편한세상,85.0,1층,49900,1940.7
2026.03.12,망포동,방죽마을영통뜨란채,84.7,3층,54800,2137.8
2026.03.11,망포동,마젤란21,84.7,6층,43500,1696.9
2026.03.11,매교동,힐스테이트푸르지오수원,84.9,11층,90000,3503.1
2026.03.09,영통동,태영,84.9,2층,59900,2331.5
2026.03.09,망포동,늘푸른벽산,84.9,10층,51000,1984.8
2026.03.09,영통동,풍림,84.8,15층,55500,2162.0
2026.03.07,망포동,방죽마을영통뜨란채,84.7,14층,53200,2076.4
2026.03.07,영통동,영통에듀파크(321동~327동),85.0,7층,86000,3345.5
2026.03.07,영통동,영통에듀파크(331동~337동),85.0,7층,86700,3372.7
2026.03.07,망포동,방죽마을영통뜨란채,84.7,8층,55000,2145.6
2026.03.06,망포동,망포마을쌍용1차,84.9,11층,64500,2511.8
2026.03.06,영통동,신나무실신명,84.9,8층,68000,2647.1
2026.03.06,망포동,영통SKVIEW,84.5,13층,96800,3787.8
2026.03.06,매교동,매교역푸르지오SKVIEW,85.0,5층,96300,3745.7
2026.03.05,망포동,늘푸른벽산,84.9,6층,50800,1977.0
2026.03.05,망포동,동수원자이1차,85.0,13층,59800,2326.0
2026.03.05,영통동,영통에듀파크(321동~327동),85.0,12층,84700,3294.9
2026.03.05,영통동,풍림,84.8,13층,53500,2084.1
2026.03.05,망포동,영통아이파크캐슬1단지,84.7,5층,112000,4370.8
2026.03.05,망포동,극동의푸른별,84.9,11층,48000,1867.9
2026.03.05,매교동,매교역푸르지오SKVIEW,85.0,1층,88000,3422.9
2026.03.04,영통동,벽산(1053-2),85.0,10층,54300,2112.3
2026.03.03,영통동,태영,84.9,3층,63000,2452.2
2026.03.03,망포동,힐스테이트영통,84.5,27층,124000,4848.2
2026.03.03,망포동,영통롯데캐슬엘클래스2단지,85.0,2층,80500,3130.5
2026.03.03,영통동,영통3풍림아이원,84.9,5층,51800,2017.0
2026.03.02,망포동,망포현대2아이파크,85.0,10층,65000,2527.5
2026.03.02,망포동,망포마을쌍용1차,84.9,20층,66000,2570.2
2026.03.02,망포동,영통SKVIEW,84.5,1층,86000,3365.2
2026.02.27,매교동,매교역푸르지오SKVIEW,85.0,12층,99000,3850.7
2026.02.27,매교동,힐스테이트푸르지오수원,84.9,15층,84200,3277.4
2026.02.27,매교동,매교역푸르지오SKVIEW,85.0,6층,99000,3850.7
2026.02.25,매교동,매교역푸르지오SKVIEW,85.0,10층,99500,3870.2
2026.02.24,매교동,힐스테이트푸르지오수원,84.9,13층,86500,3366.9
2026.02.24,매교동,매교역푸르지오SKVIEW,85.0,9층,97000,3772.9
2026.02.23,매교동,힐스테이트푸르지오수원,84.9,13층,85000,3308.5
2026.02.23,매교동,매교역푸르지오SKVIEW,85.0,2층,92000,3578.4
2026.02.22,매교동,힐스테이트푸르지오수원,84.9,3층,81900,3187.8
2026.02.21,매교동,매교역푸르지오SKVIEW,85.0,11층,97500,3792.4
2026.02.21,매교동,힐스테이트푸르지오수원,84.9,12층,85300,3320.2
2026.02.14,매교동,매교역푸르지오SKVIEW,85.0,12층,65100,2532.1
2026.02.13,매교동,매교역푸르지오SKVIEW,85.0,14층,98000,3811.8
2026.02.12,매교동,매교역푸르지오SKVIEW,85.0,2층,91400,3555.1
2026.02.11,매교동,힐스테이트푸르지오수원,84.9,12층,83100,3234.5
2026.02.10,매교동,매교역푸르지오SKVIEW,85.0,13층,99000,3850.7
2026.02.10,매교동,힐스테이트푸르지오수원,84.9,13층,84000,3269.6
2026.02.09,매교동,매교역푸르지오SKVIEW,85.0,3층,90000,3500.6
2026.02.07,매교동,힐스테이트푸르지오수원,84.9,3층,80000,3113.9
2026.02.07,매교동,힐스테이트푸르지오수원,84.9,13층,82500,3211.2
2026.02.06,매교동,매교역푸르지오SKVIEW,85.0,16층,96000,3734.0
2026.02.03,매교동,매교역푸르지오SKVIEW,85.0,6층,94500,3675.7
2026.02.02,매교동,힐스테이트푸르지오수원,84.9,2층,80200,3121.7
2026.02.02,매교동,매교역푸르지오SKVIEW,85.0,2층,87000,3384.0
2017.04.29,영통동,영통에듀파크(321동~327동),85.0,9층,40000,1556.0
2017.04.29,망포동,동수원자이1차,85.0,4층,30150,1172.7
2017.04.29,망포동,동수원자이1차,85.0,6층,31500,1225.2
2017.04.29,영통동,영통에듀파크(321동~327동),85.0,14층,40900,1591.0
2017.04.29,망포동,망포마을쌍용1차,84.9,10층,32000,1246.1
2017.04.29,망포동,망포현대2아이파크,85.0,21층,35500,1380.4
2017.04.28,영통동,영통에듀파크(331동~337동),85.0,4층,39000,1517.1
2017.04.28,망포동,동수원자이1차,85.0,1층,30000,1166.9
2017.04.27,망포동,망포마을쌍용1차,84.9,9층,32800,1277.3
2017.04.26,영통동,신나무실동보,84.9,6층,35000,1362.5
2017.04.25,영통동,벽산(1053-2),85.0,3층,34000,1322.6
2017.04.25,영통동,벽산(1053-2),85.0,13층,34000,1322.6
2017.04.24,망포동,망포벽산이빌리지,84.9,9층,26300,1023.8
2017.04.24,망포동,망포벽산이빌리지,84.9,7층,26000,1012.1
2017.04.24,망포동,늘푸른벽산,84.9,12층,26500,1031.3
2017.04.24,영통동,신나무실동보,84.9,18층,34500,1343.0
2017.04.22,영통동,영통아이파크,85.0,21층,33700,1311.0
2017.04.21,영통동,청명센트레빌,84.9,10층,39400,1532.9
2017.04.21,영통동,벽산(1053-2),85.0,11층,34100,1326.5
2017.04.20,망포동,쌍용스윗닷홈2차,84.9,4층,26200,1020.1
2017.04.19,망포동,쌍용스윗닷홈2차,84.9,4층,25400,988.9
2017.04.19,망포동,동수원자이2차,84.9,10층,33700,1311.3
2017.04.19,영통동,신나무실동보,84.9,13층,34200,1331.3
2017.04.18,영통동,영통에듀파크(331동~337동),85.0,11층,40800,1587.1
2017.04.18,영통동,풍림,84.8,15층,34000,1324.5
2017.04.18,영통동,영통에듀파크(321동~327동),85.0,4층,40200,1563.8
2017.04.17,망포동,늘푸른벽산,84.9,7층,26900,1046.9
2017.04.17,영통동,영통에듀파크(331동~337동),85.0,20층,40200,1563.8
2017.04.15,망포동,엘지동수원자이,85.0,8층,34800,1353.4
2017.04.15,망포동,마젤란21,84.7,6층,29200,1139.1
2017.04.15,망포동,동수원자이1차,85.0,21층,30000,1166.9
2017.04.15,망포동,늘푸른벽산,84.9,6층,25750,1002.1
2017.04.15,영통동,영통에듀파크(321동~327동),85.0,20층,38500,1497.7
2017.04.14,망포동,늘푸른벽산,84.9,9층,26700,1039.1
2017.04.12,영통동,영통에듀파크(321동~327동),85.0,4층,39300,1528.8
2017.04.10,망포동,망포현대2아이파크,85.0,18층,32800,1275.4
2017.04.10,영통동,삼성,84.8,3층,34000,1324.5
2017.04.08,영통동,신나무실극동,84.9,17층,37900,1475.4
2017.04.08,영통동,영통에듀파크(321동~327동),85.0,4층,41500,1614.4
2017.04.08,영통동,태영,84.9,16층,36950,1438.2
2017.04.08,영통동,영통3풍림아이원,84.9,12층,30800,1199.3
2017.04.07,영통동,신나무실신명,84.9,15층,37200,1448.1
2017.04.07,매교동,건영캐스빌,82.6,5층,20800,831.8
2017.04.06,영통동,신나무실동보,84.9,9층,35000,1362.5
2017.04.06,망포동,동수원자이2차,84.9,9층,33700,1311.3
2017.04.04,망포동,극동의푸른별,84.9,13층,27000,1050.7
2017.04.03,영통동,영통에듀파크(331동~337동),85.0,5층,42000,1633.8
2017.04.03,망포동,동수원자이1차,85.0,9층,30400,1182.5
2017.04.03,영통동,풍림,84.8,8층,34000,1324.5
2017.04.03,영통동,신나무실동보,84.9,1층,33000,1284.6
2017.04.03,영통동,영통e-편한세상,85.0,3층,33350,1297.0
2017.04.02,영통동,청명센트레빌,84.9,7층,38200,1486.2
2017.04.01,영통동,영통아이파크,85.0,18층,33400,1298.7
2017.04.01,영통동,영통에듀파크(331동~337동),85.0,12층,41800,1626.0
2017.04.01,망포동,방죽마을영통뜨란채,84.7,20층,31500,1228.8
2017.04.01,망포동,방죽마을영통뜨란채,84.7,10층,31500,1229.4
2017.04.01,망포동,동수원자이1차,85.0,18층,31900,1240.8
2017.04.01,망포동,동수원자이1차,85.0,22층,30000,1166.9
2017.03.31,영통동,청명센트레빌,84.9,8층,39800,1548.5
2017.03.31,망포동,망포현대2아이파크,85.0,2층,31500,1224.9
2017.03.31,망포동,망포역아이파크,85.0,10층,34200,1330.2
2017.03.31,영통동,신나무실신명,84.9,9층,37950,1477.3
2017.03.31,망포동,동수원자이2차,84.9,16층,33000,1284.0
2017.03.31,영통동,신나무실동보,84.9,6층,34500,1343.0
2017.03.30,영통동,영통에듀파크(321동~327동),85.0,4층,39300,1528.8
2017.03.30,망포동,동수원자이1차,85.0,7층,32700,1271.9
2017.03.29,영통동,영통에듀파크(331동~337동),85.0,2층,37000,1439.3
2017.03.29,망포동,방죽마을영통뜨란채,84.7,6층,32500,1267.9
2017.03.28,영통동,풍림,84.8,11층,38500,1499.8
2017.03.27,영통동,영통에듀파크(331동~337동),85.0,10층,41500,1614.4
2017.03.25,망포동,마젤란21(1101동),84.6,14층,29000,1132.8
2017.03.24,망포동,망포마을쌍용1차,84.9,7층,31850,1240.3
2017.03.24,영통동,삼성,84.8,13층,36300,1414.1
2017.03.24,망포동,동수원자이1차,85.0,3층,31300,1217.5
2017.03.23,영통동,영통에듀파크(321동~327동),85.0,1층,38200,1486.0
2017.03.23,망포동,극동의푸른별,84.9,11층,26700,1039.5
2017.03.22,영통동,청명센트레빌,84.9,14층,40800,1587.4
2017.03.22,영통동,청명센트레빌,84.9,15층,38500,1497.9
2017.03.22,영통동,영통e-편한세상,85.0,2층,33000,1283.4
2017.03.22,영통동,영통에듀파크(331동~337동),85.0,1층,37000,1439.3
2017.03.22,망포동,동수원자이1차,85.0,6층,31500,1225.2
2017.03.21,영통동,삼성,84.8,10층,34300,1336.2
2017.03.21,망포동,한양수자인,85.0,16층,42900,1668.3
2017.03.21,망포동,일신건영휴먼빌,84.1,5층,25300,994.7
2017.03.21,망포동,늘푸른벽산,84.9,8층,27000,1050.8
2017.03.20,망포동,망포벽산이빌리지,84.9,8층,26200,1019.9
2017.03.18,망포동,쌍용스윗닷홈2차,84.9,12층,25600,996.7
2017.03.18,망포동,일신건영휴먼빌,84.1,15층,25500,1002.6
2017.03.18,망포동,엘지동수원자이,85.0,17층,34500,1341.7
2017.03.18,망포동,방죽마을영통뜨란채,84.7,12층,30600,1194.3
2017.03.17,영통동,풍림,84.8,10층,33500,1305.0
2017.03.15,망포동,동수원자이1차,85.0,20층,31400,1221.4
2017.03.15,망포동,동수원자이1차,85.0,11층,31400,1221.4
2017.03.14,영통동,영통e-편한세상,85.0,11층,34200,1330.1
2017.03.14,망포동,동수원자이1차,85.0,1층,28600,1112.4
2017.03.14,망포동,삼정라츠,84.9,6층,28400,1106.2
2017.03.14,영통동,영통3풍림아이원,84.9,14층,30300,1179.8
2017.03.13,망포동,동수원자이2차,84.9,1층,29500,1147.8
2017.03.13,망포동,망포마을쌍용1차,84.9,11층,31500,1226.7
2017.03.11,망포동,망포현대2아이파크,85.0,6층,32800,1275.4
2017.03.11,망포동,마젤란21,84.7,11층,29000,1131.3
2017.03.11,영통동,벽산(1053-2),85.0,16층,34000,1322.6
2017.03.11,망포동,극동의푸른별,84.9,7층,26900,1046.8
2017.03.11,망포동,동수원자이1차,85.0,12층,31400,1221.4
2017.03.11,망포동,동수원자이1차,85.0,21층,31500,1225.2
2017.03.10,영통동,신나무실동보,84.9,14층,36500,1420.9
2017.03.09,영통동,영통에듀파크(321동~327동),85.0,2층,38200,1486.0
2017.03.09,영통동,영통에듀파크(321동~327동),85.0,17층,39400,1532.7
2017.03.08,영통동,신나무실동보,84.9,13층,36800,1432.6
2017.03.06,영통동,태영,84.9,5층,36900,1436.3
2017.03.06,망포동,방죽마을영통뜨란채,84.7,12층,32350,1262.0
2017.03.04,망포동,망포벽산이빌리지,84.9,7층,26000,1012.1
2017.03.04,영통동,신나무실신명,84.9,12층,37000,1440.3
2017.03.04,망포동,동수원자이2차,84.9,4층,32000,1245.1
2017.03.04,영통동,건영1차,85.0,11층,39000,1516.6
2017.03.04,영통동,영통에듀파크(331동~337동),85.0,15층,41000,1594.9
2017.03.04,영통동,벽산(1053-2),85.0,16층,35200,1369.3
2017.03.04,망포동,쌍용스윗닷홈2차,84.9,8층,25700,1000.6
2017.03.04,영통동,신나무실풍림,84.9,2층,36000,1401.4
2017.03.03,망포동,마젤란21(1101동),84.6,9층,29200,1140.6
2017.03.02,망포동,쌍용스윗닷홈2차,84.9,9층,26400,1027.9
2017.03.02,망포동,한양수자인,85.0,7층,43300,1683.9
2017.03.01,망포동,쌍용스윗닷홈2차,84.9,12층,26300,1024.0
2017.03.01,망포동,엘지동수원자이,85.0,10층,35000,1361.1
2017.02.28,망포동,늘푸른벽산,84.9,1층,24500,953.5
2017.02.27,영통동,영통3풍림아이원,84.9,14층,30700,1195.4
2017.02.27,망포동,망포현대2아이파크,85.0,16층,32000,1244.3
2017.02.24,영통동,신나무실신명,84.9,7층,37000,1440.3
2017.02.23,망포동,방죽마을영통뜨란채,84.7,12층,31800,1240.5
2017.02.22,망포동,동수원자이2차,84.9,14층,33500,1303.5
2017.02.22,망포동,망포역아이파크,85.0,2층,31000,1205.7
2017.02.21,영통동,신나무실신명,84.9,8층,36400,1417.0
2017.02.21,영통동,영통e-편한세상,85.0,5층,34500,1341.8
2017.02.20,망포동,영통SKVIEW,84.5,3층,45400,1776.5
2017.02.18,영통동,청명센트레빌,84.9,6층,37500,1459.0
2017.02.18,영통동,신나무실극동,84.9,14층,40000,1557.1
2017.02.18,망포동,동수원자이1차,85.0,9층,31450,1223.3
2017.02.18,망포동,동수원자이2차,84.9,18층,33700,1311.3
2017.02.18,망포동,동수원자이2차,84.9,9층,33000,1284.0
2017.02.18,영통동,태영,84.9,7층,35500,1381.8
2017.02.18,망포동,동수원자이1차,85.0,14층,31400,1221.4
2017.02.17,망포동,한양수자인,85.0,9층,42300,1645.0
2017.02.17,영통동,신나무실동보,84.9,1층,32000,1245.7
2017.02.17,망포동,극동의푸른별,84.9,8층,27000,1051.2
2017.02.17,망포동,방죽마을영통뜨란채,84.7,20층,30800,1202.1
2017.02.17,영통동,영통아이파크,85.0,12층,33000,1283.1
2017.02.15,영통동,벽산(1053-2),85.0,16층,35900,1396.5
2017.02.15,망포동,방죽마을영통뜨란채,84.7,13층,31500,1228.8
2017.02.14,영통동,영통에듀파크(331동~337동),85.0,14층,43000,1672.7
2017.02.13,망포동,늘푸른벽산,84.9,4층,26500,1031.3
2017.02.13,영통동,풍림,84.8,17층,34930,1360.7
2017.02.13,망포동,망포벽산이빌리지,84.9,9층,26000,1012.1
2017.02.11,영통동,신나무실극동,84.9,14층,39000,1518.2
2017.02.11,망포동,엘지동수원자이,85.0,10층,34700,1349.5
2017.02.11,영통동,풍림,84.8,10층,37000,1441.4
2017.02.11,영통동,벽산(1053-2),85.0,17층,35200,1369.3
2017.02.11,망포동,엘지동수원자이,85.0,16층,34000,1322.3
2017.02.10,망포동,늘푸른벽산,84.9,1층,24800,965.1
2017.02.09,영통동,태영,84.9,5층,36400,1417.3
2017.02.07,망포동,망포역아이파크,85.0,3층,34500,1341.8
2017.02.07,망포동,늘푸른벽산,84.9,12층,26800,1043.0
2017.02.06,영통동,영통에듀파크(331동~337동),85.0,12층,41900,1629.9
2017.02.06,영통동,신나무실동보,84.9,13층,35500,1381.9
2017.02.04,망포동,동수원자이1차,85.0,5층,29500,1147.5
2017.02.04,영통동,영통아이파크,85.0,15층,32200,1252.6
2017.02.04,망포동,한양수자인,85.0,7층,43200,1680.0
2017.02.02,망포동,한양수자인,85.0,12층,42300,1645.0
2017.02.01,망포동,마젤란21,84.7,10층,28000,1092.3
2017.01.25,영통동,영통아이파크,85.0,19층,34500,1342.1
2017.01.23,영통동,풍림,84.8,20층,32500,1266.1
2017.01.23,망포동,망포역아이파크,85.0,7층,34400,1338.0
2017.01.21,망포동,늘푸른벽산,84.9,8층,26500,1031.3
2017.01.20,영통동,신나무실동보,84.9,8층,35700,1389.7
2017.01.20,망포동,마젤란21(1101동),84.6,4층,28000,1093.7
2017.01.20,영통동,영통에듀파크(321동~327동),85.0,8층,40000,1556.0
2017.01.20,영통동,신나무실신명,84.9,14층,36000,1401.4
2017.01.20,영통동,벽산(1053-2),85.0,12층,36500,1419.9
2017.01.19,망포동,망포역아이파크,85.0,8층,33800,1314.6
2017.01.19,영통동,태영,84.9,13층,35500,1382.3
2017.01.19,망포동,동수원자이2차,84.9,11층,33700,1311.3
2017.01.19,영통동,영통에듀파크(321동~327동),85.0,1층,38700,1505.5
2017.01.18,망포동,동수원자이1차,85.0,21층,31000,1205.8
2017.01.18,망포동,망포역아이파크,85.0,1층,29400,1143.5
2017.01.18,망포동,망포벽산이빌리지,84.9,13층,26000,1012.1
2017.01.18,영통동,삼성,84.9,1층,28000,1089.6
2017.01.18,매교동,문화맨션,82.4,9층,21000,842.5
2017.01.17,영통동,영통에듀파크(331동~337동),85.0,3층,37900,1474.3
2017.01.17,망포동,망포역아이파크,85.0,7층,34500,1341.8
2017.01.16,영통동,영통에듀파크(331동~337동),85.0,15층,40000,1556.0
2017.01.16,망포동,방죽마을영통뜨란채,84.7,16층,31100,1213.8
2017.01.14,망포동,방죽마을영통뜨란채,84.7,5층,29800,1163.1
2017.01.14,망포동,동수원자이1차,85.0,13층,32000,1244.7
2017.01.14,망포동,방죽마을영통뜨란채,84.7,18층,30500,1190.4
2017.01.14,망포동,삼정라츠,84.9,9층,27950,1088.6
2017.01.14,영통동,풍림,84.8,14층,37200,1449.2
2017.01.14,망포동,삼정라츠,84.9,7층,27250,1061.4
2017.01.14,망포동,망포마을쌍용1차,84.9,4층,30300,1179.9
2017.01.13,망포동,방죽마을영통뜨란채,84.7,20층,32000,1248.3
2017.01.13,망포동,늘푸른벽산,84.9,6층,26300,1023.5
2017.01.13,망포동,방죽마을영통뜨란채,84.7,14층,30800,1202.1
2017.01.13,망포동,극동의푸른별,84.9,2층,23000,895.5
2017.01.12,영통동,영통에듀파크(321동~327동),85.0,11층,43000,1672.7
2017.01.11,영통동,태영,84.9,16층,35500,1381.8
2017.01.10,망포동,늘푸른벽산,84.9,11층,25600,996.3
2017.01.10,영통동,삼성,84.9,11층,36400,1416.5
2017.01.10,망포동,동수원자이2차,84.9,16층,29000,1128.4
2017.01.09,영통동,벽산(1053-2),85.0,11층,38000,1478.2
2017.01.09,망포동,늘푸른벽산,84.9,9층,28100,1093.6
2017.01.09,영통동,신나무실신명,84.9,19층,35600,1385.8
2017.01.07,영통동,삼성,84.8,10층,35000,1363.4
2017.01.07,영통동,풍림,84.8,12층,36000,1402.4
2017.01.07,망포동,늘푸른벽산,84.9,7층,27400,1066.3
2017.01.07,영통동,영통에듀파크(321동~327동),85.0,20층,39900,1552.1
2017.01.07,망포동,엘지동수원자이,85.0,4층,33200,1291.1
2017.01.07,영통동,태영,84.9,18층,35800,1394.0
2017.01.07,망포동,동수원자이1차,85.0,16층,31200,1213.6
2017.01.06,망포동,방죽마을영통뜨란채,84.7,12층,30500,1190.4
2017.01.06,망포동,방죽마을영통뜨란채,84.7,23층,32000,1248.3
2017.01.06,망포동,동수원자이1차,85.0,19층,31300,1217.5
2017.01.06,영통동,영통에듀파크(321동~327동),85.0,7층,40000,1556.0
2017.01.06,망포동,영통SKVIEW,84.5,9층,47200,1846.9
2017.01.05,영통동,벽산(1053-2),85.0,2층,31700,1233.2
2017.01.05,영통동,태영,84.9,6층,35500,1382.3
2017.01.04,영통동,신나무실건영,85.0,2층,37300,1450.5
2017.01.04,망포동,망포현대2아이파크,85.0,18층,33000,1283.2
2017.01.04,영통동,신나무실극동,84.9,18층,38600,1502.6
2017.01.03,망포동,동수원자이1차,85.0,2층,28700,1116.3
2016.12.30,영통동,영통에듀파크(321동~327동),85.0,2층,38400,1493.8
2016.12.30,망포동,망포현대2아이파크,85.0,17층,32900,1279.3
2016.12.30,영통동,풍림,84.8,7층,37800,1472.5
2016.12.30,영통동,신나무실동보,84.9,11층,37500,1459.8
2016.12.30,영통동,영통에듀파크(331동~337동),85.0,1층,37000,1439.3
2016.12.29,영통동,신나무실신명,84.9,5층,37600,1463.7
2016.12.28,망포동,늘푸른벽산,84.9,18층,27400,1066.3
2016.12.28,영통동,영통에듀파크(321동~327동),85.0,4층,41500,1614.4
2016.12.28,영통동,신나무실동보,84.9,12층,35300,1374.2
2016.12.28,망포동,극동의푸른별,84.9,9층,26800,1043.4
2016.12.28,망포동,방죽마을영통뜨란채,84.7,9층,30750,1200.2
2016.12.27,망포동,쌍용스윗닷홈2차,84.9,14층,25800,1004.5
2016.12.26,영통동,신나무실극동,84.9,20층,36500,1420.9
2016.12.23,영통동,영통에듀파크(321동~327동),85.0,4층,38500,1497.7
2016.12.23,영통동,태영,84.9,2층,34000,1323.9
2016.12.23,망포동,망포벽산이빌리지,84.9,13층,26000,1012.1
2016.12.22,영통동,태영,84.9,4층,36300,1412.9
2016.12.22,망포동,한양수자인,85.0,13층,42700,1660.6
2016.12.21,망포동,동수원자이2차,84.9,4층,33000,1284.0
2016.12.21,영통동,신나무실동보,84.9,8층,36500,1420.9
2016.12.21,영통동,삼성,84.9,15층,35700,1389.2
2016.12.20,영통동,영통3풍림아이원,84.9,9층,30100,1172.1
2016.12.20,영통동,벽산(1053-2),85.0,7층,33750,1312.9
2016.12.19,영통동,영통3풍림아이원,84.9,16층,30500,1187.6
2016.12.19,영통동,태영,84.9,1층,32000,1245.6
2016.12.17,망포동,쌍용스윗닷홈2차,84.9,1층,23500,915.0
2016.12.17,망포동,동수원자이1차,85.0,9층,32300,1256.4
2016.12.17,영통동,벽산(1053-2),85.0,2층,32000,1244.8
2016.12.17,망포동,동수원자이1차,85.0,17층,30900,1201.9
2016.12.17,영통동,신나무실신명,84.9,15층,38000,1479.3
2016.12.17,망포동,늘푸른벽산,84.9,12층,26700,1039.1
2016.12.16,영통동,영통에듀파크(331동~337동),85.0,5층,42000,1633.8
2016.12.16,망포동,늘푸른벽산,84.9,19층,27400,1066.3
2016.12.16,망포동,망포벽산이빌리지,84.9,15층,26500,1031.6
2016.12.16,망포동,망포벽산이빌리지,84.9,8층,26300,1023.8
2016.12.15,영통동,영통에듀파크(331동~337동),85.0,16층,41000,1594.9
2016.12.14,망포동,늘푸른벽산,84.9,2층,25200,980.7
2016.12.13,영통동,영통e-편한세상,85.0,15층,32500,1264.0
2016.12.13,영통동,삼성,84.9,2층,33500,1303.6
2016.12.10,망포동,늘푸른벽산,84.9,2층,25800,1004.1
2016.12.10,망포동,동수원자이1차,85.0,5층,31000,1205.8
2016.12.10,망포동,동수원자이1차,85.0,3층,30500,1186.3
2016.12.09,망포동,늘푸른벽산,84.9,3층,26300,1023.5
2016.12.09,영통동,신나무실극동,84.9,11층,38000,1479.3
2016.12.09,영통동,신나무실극동,84.9,17층,39200,1526.0
2016.12.09,영통동,삼성,84.8,15층,34300,1336.2
2016.12.09,망포동,망포현대2아이파크,85.0,4층,31700,1232.7
2016.12.09,영통동,신나무실동보,84.9,5층,35000,1362.5
2016.12.08,영통동,신나무실풍림,84.9,15층,40600,1580.5
2016.12.08,망포동,늘푸른벽산,84.9,4층,26100,1015.7
2016.12.08,영통동,영통e-편한세상,85.0,6층,34150,1328.1
2016.12.08,망포동,쌍용스윗닷홈2차,84.9,15층,26000,1012.3
2016.12.07,망포동,마젤란21,84.7,11층,26800,1045.4
2016.12.07,망포동,한양수자인,85.0,8층,42000,1633.3
2016.12.06,영통동,영통3풍림아이원,84.9,18층,30000,1168.2
2016.12.06,영통동,영통에듀파크(331동~337동),85.0,6층,38500,1497.7
2016.12.06,망포동,동수원자이1차,85.0,2층,27000,1050.2
2016.12.05,망포동,극동의푸른별,84.9,12층,26900,1047.3
2016.12.05,망포동,한양수자인,85.0,10층,42000,1633.3
2016.12.05,망포동,쌍용스윗닷홈2차,84.9,10층,26700,1039.5
2016.12.03,영통동,영통에듀파크(331동~337동),85.0,4층,38000,1478.2
2016.12.03,영통동,신나무실신명,84.9,11층,37000,1440.3
2016.12.03,영통동,영통에듀파크(321동~327동),85.0,15층,43500,1692.2
2016.12.03,망포동,망포역아이파크,85.0,5층,34000,1322.4
2016.12.03,망포동,방죽마을영통뜨란채,84.7,5층,31500,1228.8
2016.12.03,망포동,방죽마을영통뜨란채,84.7,13층,30700,1198.2
2016.12.01,영통동,영통3풍림아이원,84.9,8층,30000,1168.2
2016.12.01,망포동,동수원자이1차,85.0,11층,31350,1219.4
2016.12.01,영통동,풍림,84.8,1층,28500,1110.2
2016.12.01,망포동,마젤란21,84.7,5층,26900,1049.3
2016.11.30,영통동,신나무실신명,84.9,3층,35750,1391.7
2016.11.29,영통동,영통에듀파크(331동~337동),85.0,3층,39500,1536.6
2016.11.29,망포동,동수원자이1차,85.0,12층,33500,1303.0
2016.11.29,영통동,신나무실신명,84.9,9층,36900,1436.4
2016.11.29,영통동,태영,84.9,1층,31000,1207.1
2016.11.29,영통동,삼성,84.8,9층,35000,1363.4
2016.11.29,영통동,신나무실동보,84.9,9층,35200,1370.3
2016.11.29,영통동,영통에듀파크(331동~337동),85.0,10층,41500,1614.4
2016.11.28,영통동,신나무실동보,84.9,2층,33500,1304.1
2016.11.28,망포동,동수원자이2차,84.9,8층,33500,1303.5
2016.11.25,망포동,동수원자이1차,85.0,11층,31200,1213.6
2016.11.25,망포동,늘푸른벽산,84.9,19층,28600,1113.0
2016.11.25,영통동,삼성,84.9,18층,37700,1467.1
2016.11.25,망포동,동수원자이1차,85.0,19층,31400,1221.4
2016.11.25,망포동,동수원자이1차,85.0,14층,31750,1235.0
2016.11.25,망포동,방죽마을영통뜨란채,84.7,15층,30500,1190.4
2016.11.25,영통동,영통3풍림아이원,84.9,14층,30000,1168.2
2016.11.24,영통동,신나무실극동,84.9,16층,39400,1533.8
2016.11.24,영통동,태영,84.9,1층,33500,1303.9
2016.11.24,망포동,동수원자이2차,84.9,9층,33800,1315.2
2016.11.24,망포동,늘푸른벽산,84.9,3층,24900,969.0
2016.11.24,영통동,풍림,84.8,8층,35000,1363.4
2016.11.24,영통동,영통e-편한세상,85.0,10층,33800,1314.5
2016.11.24,망포동,동수원자이2차,84.9,15층,33500,1303.5
2016.11.24,영통동,영통e-편한세상,85.0,8층,33700,1310.6
2016.11.23,망포동,마젤란21,84.7,6층,27800,1084.5
2016.11.23,영통동,신나무실신명,84.9,4층,35500,1381.9
2016.11.23,망포동,동수원자이1차,85.0,10층,31500,1225.2
2016.11.23,망포동,늘푸른벽산,84.9,16층,26000,1011.8
2016.11.23,망포동,동수원자이1차,85.0,13층,31900,1240.8
2016.11.23,영통동,벽산(1053-2),85.0,2층,31800,1237.0
2016.11.23,영통동,영통에듀파크(331동~337동),85.0,1층,35000,1361.5
2016.11.22,영통동,풍림,84.8,16층,35400,1379.0
2016.11.22,영통동,삼성,84.8,1층,31500,1227.1
2016.11.22,영통동,신나무실동보,84.9,4층,35000,1362.5
2016.11.22,영통동,영통에듀파크(331동~337동),85.0,15층,39000,1517.1
2016.11.21,영통동,영통에듀파크(321동~327동),85.0,12층,43500,1692.2
2016.11.21,영통동,영통아이파크,85.0,15층,34000,1322.6
2016.11.21,망포동,동수원자이2차,84.9,23층,33000,1284.0
2016.11.19,영통동,영통3풍림아이원,84.9,20층,30250,1177.9
2016.11.19,영통동,신나무실풍림,84.9,18층,38300,1490.9
2016.11.19,영통동,건영1차,85.0,16층,37500,1458.3
2016.11.19,망포동,망포역아이파크,85.0,2층,35500,1380.7
2016.11.19,영통동,풍림,84.8,2층,32800,1277.7
2016.11.19,망포동,한양수자인,85.0,4층,41300,1606.1
2016.11.18,영통동,삼성,84.8,10층,34900,1359.6
2016.11.18,망포동,방죽마을영통뜨란채,84.7,5층,30800,1202.1
2016.11.18,영통동,신나무실동보,84.9,1층,33000,1284.6
2016.11.17,영통동,신나무실동보,84.9,17층,35800,1393.6
2016.11.17,망포동,망포현대2아이파크,85.0,18층,34000,1322.1
2016.11.16,영통동,삼성,84.8,7층,34500,1344.0
2016.11.16,영통동,삼성,84.8,9층,34800,1355.7
2016.11.16,영통동,벽산(1053-2),85.0,6층,34000,1322.6
2016.11.16,영통동,신나무실풍림,84.9,13층,39500,1537.7
2016.11.16,망포동,망포마을쌍용1차,84.9,9층,31800,1238.4
2016.11.15,망포동,마젤란21(1101동),84.6,1층,27500,1074.2
2016.11.14,망포동,엘지동수원자이,85.0,21층,34000,1322.3
2016.11.14,영통동,신나무실극동,84.9,9층,38500,1498.7
2016.11.14,망포동,방죽마을영통뜨란채,84.7,5층,31300,1221.6
2016.11.14,영통동,신나무실풍림,84.9,2층,35900,1397.5
2016.11.14,영통동,영통아이파크,85.0,2층,33700,1310.4
2016.11.12,망포동,쌍용스윗닷홈2차,84.9,3층,23900,930.5
2016.11.12,망포동,동수원자이1차,85.0,14층,31300,1217.5
2016.11.12,망포동,한양수자인,85.0,10층,43200,1680.0
2016.11.12,영통동,태영,84.9,5층,34800,1355.0
2016.11.12,영통동,삼성,84.8,5층,34000,1324.5
2016.11.12,영통동,신나무실신명,84.9,3층,35300,1374.2
2016.11.12,영통동,영통e-편한세상,85.0,7층,34350,1335.9
2016.11.12,영통동,신나무실극동,84.9,20층,36000,1401.4
2016.11.12,망포동,마젤란21,84.7,5층,25000,975.2
2016.11.11,망포동,늘푸른벽산,84.9,5층,25500,992.4
2016.11.11,영통동,영통3풍림아이원,84.9,4층,31000,1207.1
2016.11.10,망포동,방죽마을영통뜨란채,84.7,7층,30500,1190.4
2016.11.10,망포동,동수원자이1차,85.0,8층,32500,1264.1
2016.11.10,망포동,방죽마을영통뜨란채,84.7,19층,31000,1209.9
2016.11.10,망포동,늘푸른벽산,84.9,2층,24900,969.0
2016.11.09,영통동,신나무실풍림,84.9,20층,35500,1381.9
2016.11.09,망포동,방죽마을영통뜨란채,84.7,12층,31300,1221.0
2016.11.09,영통동,신나무실동보,84.9,13층,35400,1378.1
2016.11.08,망포동,망포역아이파크,85.0,15층,34000,1322.4
2016.11.07,영통동,영통에듀파크(321동~327동),85.0,18층,42200,1641.6
2016.11.07,영통동,벽산(1053-2),85.0,11층,34000,1322.6
2016.11.07,망포동,한양수자인,85.0,16층,43000,1672.2
2016.11.07,망포동,마젤란21,84.7,15층,27700,1080.6
2016.11.07,영통동,영통3풍림아이원,84.9,18층,31700,1234.4
2016.11.07,망포동,삼정라츠,84.9,12층,27900,1086.7
2016.11.07,망포동,망포벽산이빌리지,84.9,6층,25900,1008.2
2016.11.07,망포동,방죽마을영통뜨란채,84.7,19층,31200,1217.1
2016.11.05,영통동,청명센트레빌,84.9,2층,36000,1400.6
2016.11.05,영통동,신나무실극동,84.9,20층,36000,1401.4
2016.11.05,영통동,영통에듀파크(331동~337동),85.0,11층,40300,1567.7
2016.11.05,망포동,방죽마을영통뜨란채,84.7,1층,29850,1165.0
2016.11.05,영통동,신나무실신명,84.9,1층,32700,1273.0
2016.11.05,망포동,방죽마을영통뜨란채,84.7,5층,30950,1208.0
2016.11.05,망포동,방죽마을영통뜨란채,84.7,13층,30900,1206.0
2016.11.04,망포동,극동의푸른별,84.9,13층,26900,1047.3
2016.11.04,망포동,방죽마을영통뜨란채,84.7,8층,31000,1209.3
2016.11.03,망포동,늘푸른벽산,84.9,6층,28300,1101.3
2016.11.03,영통동,풍림,84.8,9층,37000,1441.4
2016.11.01,영통동,신나무실신명,84.9,5층,36500,1420.9
2016.11.01,영통동,신나무실동보,84.9,4층,34500,1343.0
2016.11.01,영통동,영통에듀파크(331동~337동),85.0,6층,38000,1478.2
2016.10.31,망포동,방죽마을영통뜨란채,84.7,20층,30000,1170.9
2016.10.31,영통동,신나무실신명,84.9,8층,37000,1440.3
2016.10.29,영통동,영통에듀파크(321동~327동),85.0,7층,42400,1649.4
2016.10.29,영통동,신나무실동보,84.9,16층,35000,1362.5
2016.10.29,영통동,태영,84.9,9층,38700,1506.3
2016.10.29,영통동,태영,84.9,2층,32500,1265.5
2016.10.29,망포동,방죽마을영통뜨란채,84.7,18층,31400,1224.9
2016.10.28,영통동,청명센트레빌,84.9,13층,37900,1474.6
2016.10.28,영통동,영통3풍림아이원,84.9,16층,29200,1137.0
2016.10.28,망포동,늘푸른벽산,84.9,6층,26500,1031.3
2016.10.28,망포동,방죽마을영통뜨란채,84.7,6층,32380,1263.2
2016.10.28,망포동,망포마을쌍용1차,84.9,1층,29800,1160.5
2016.10.28,망포동,마젤란21(1101동),84.6,4층,29550,1154.3
2016.10.27,영통동,풍림,84.8,2층,33000,1285.5
2016.10.27,영통동,삼성,84.8,2층,33000,1285.5
2016.10.27,영통동,영통에듀파크(331동~337동),85.0,12층,39000,1517.1
2016.10.26,영통동,태영,84.9,15층,36500,1420.7
2016.10.26,영통동,삼성,84.9,12층,35700,1389.2
2016.10.24,망포동,동수원자이2차,84.9,13층,33800,1315.2
2016.10.24,망포동,망포현대2아이파크,85.0,16층,32300,1256.0
2016.10.24,망포동,삼정라츠,84.9,11층,28900,1125.6
2016.10.24,망포동,방죽마을영통뜨란채,84.7,7층,32000,1248.3
2016.10.24,망포동,방죽마을영통뜨란채,84.7,22층,31450,1226.9
2016.10.24,영통동,영통에듀파크(331동~337동),85.0,1층,36000,1400.4
2016.10.21,망포동,늘푸른벽산,84.9,2층,26300,1023.5
2016.10.21,영통동,신나무실풍림,84.9,4층,36400,1417.0
2016.10.21,영통동,신나무실신명,84.9,14층,36500,1420.9
2016.10.21,망포동,극동의푸른별,84.9,2층,24500,953.9
2016.10.21,영통동,벽산(1053-2),85.0,13층,40500,1575.5
2016.10.20,영통동,벽산(1053-2),85.0,12층,35300,1373.2
2016.10.20,영통동,신나무실동보,84.9,7층,34500,1343.0
2016.10.20,망포동,방죽마을영통뜨란채,84.7,4층,30000,1170.9
2016.10.20,망포동,동수원자이1차,85.0,12층,31450,1223.3
2016.10.19,영통동,신나무실동보,84.9,13층,35000,1362.5
2016.10.19,망포동,삼정라츠,84.9,10층,28150,1096.4
2016.10.19,망포동,극동의푸른별,84.9,10층,26700,1039.5
2016.10.18,영통동,벽산(1053-2),85.0,14층,34000,1322.6
2016.10.18,망포동,늘푸른벽산,84.9,17층,25550,994.3
2016.10.18,영통동,삼성,84.9,1층,33500,1303.6
2016.10.17,영통동,벽산(1053-2),85.0,12층,35300,1373.2
2016.10.17,망포동,망포역아이파크,85.0,9층,34000,1322.4
2016.10.17,영통동,영통에듀파크(321동~327동),85.0,1층,37500,1458.8
2016.10.17,망포동,늘푸른벽산,84.9,5층,26700,1039.1
2016.10.17,영통동,신나무실신명,84.9,7층,35600,1385.8
2016.10.17,영통동,영통에듀파크(331동~337동),85.0,18층,40700,1583.3
2016.10.17,영통동,태영,84.9,3층,33000,1284.9
2016.10.17,망포동,방죽마을영통뜨란채,84.7,8층,29450,1149.4
2016.10.15,망포동,일신건영휴먼빌,84.3,3층,25500,999.1
2016.10.15,망포동,늘푸른벽산,84.9,4층,24900,969.0
2016.10.15,망포동,늘푸른벽산,84.9,8층,25500,992.4
2016.10.15,영통동,풍림,84.8,11층,35500,1382.9
2016.10.15,망포동,엘지동수원자이,85.0,2층,32000,1244.5
2016.10.15,영통동,신나무실신명,84.9,8층,36000,1401.4
2016.10.15,영통동,영통아이파크,85.0,6층,34000,1322.0
2016.10.14,영통동,영통에듀파크(321동~327동),85.0,9층,39000,1517.1
2016.10.14,망포동,늘푸른벽산,84.9,1층,23900,930.1
2016.10.14,영통동,신나무실동보,84.9,8층,34800,1354.7
2016.10.14,영통동,신나무실동보,84.9,2층,33500,1304.1
2016.10.13,망포동,늘푸른벽산,84.9,10층,26900,1046.9
2016.10.13,망포동,늘푸른벽산,84.9,7층,25850,1006.0
2016.10.13,영통동,태영,84.9,11층,34500,1343.3
2016.10.13,영통동,벽산(1053-2),85.0,15층,36250,1410.1
2016.10.13,영통동,영통에듀파크(321동~327동),85.0,4층,38000,1478.2
2016.10.13,망포동,망포벽산이빌리지,84.9,11층,26500,1031.6
2016.10.12,망포동,동수원자이1차,85.0,2층,30500,1186.3
2016.10.12,망포동,방죽마을영통뜨란채,84.7,8층,31000,1209.3
2016.10.12,영통동,삼성,84.8,11층,34300,1336.2
2016.10.11,망포동,망포현대2아이파크,85.0,15층,31700,1232.7
2016.10.11,망포동,방죽마을영통뜨란채,84.7,18층,29500,1151.4
2016.10.11,망포동,방죽마을영통뜨란채,84.7,3층,29500,1151.4
2016.10.11,망포동,동수원자이2차,84.9,20층,33800,1315.2
2016.10.11,영통동,신나무실동보,84.9,18층,35000,1362.5
2016.10.08,영통동,영통에듀파크(331동~337동),85.0,16층,40500,1575.5
2016.10.08,영통동,영통에듀파크(321동~327동),85.0,19층,42000,1633.8
2016.10.08,망포동,늘푸른벽산,84.9,4층,26400,1027.4
2016.10.08,망포동,엘지동수원자이,85.0,9층,36000,1400.0
2016.10.08,영통동,태영,84.9,8층,33900,1320.0
2016.10.08,영통동,신나무실신명,84.9,19층,37000,1440.3
2016.10.08,영통동,삼성,84.9,8층,35700,1389.2
2016.10.08,망포동,동수원자이1차,85.0,17층,31500,1225.2
2016.10.08,영통동,벽산(1053-2),85.0,13층,37700,1466.6
2016.10.08,망포동,엘지동수원자이,85.0,3층,32800,1275.6
2016.10.08,영통동,영통e-편한세상,85.0,8층,34300,1334.0
2016.10.07,망포동,한양수자인,85.0,8층,41500,1613.9
2016.10.07,영통동,신나무실동보,84.9,2층,33000,1284.6
2016.10.07,영통동,신나무실건영,85.0,1층,34800,1353.3
2016.10.06,영통동,청명센트레빌,84.9,11층,38000,1478.5
2016.10.06,영통동,삼성,84.9,7층,34000,1323.1
2016.10.06,영통동,영통e-편한세상,85.0,15층,33600,1306.8
2016.10.06,영통동,삼성,84.8,2층,32500,1266.1
2016.10.06,망포동,쌍용스윗닷홈2차,84.9,2층,23800,926.6
2016.10.06,영통동,삼성,84.8,13층,34500,1344.0
2016.10.05,망포동,엘지동수원자이,85.0,13층,34000,1322.3
2016.10.05,영통동,영통에듀파크(321동~327동),85.0,18층,42000,1633.8
2016.10.05,영통동,벽산(1053-2),85.0,8층,36000,1400.4
2016.10.05,망포동,동수원자이1차,85.0,3층,30000,1166.9
2016.10.04,영통동,태영,84.9,5층,35800,1393.5
2016.10.04,망포동,늘푸른벽산,84.9,3층,25700,1000.2
2016.10.04,망포동,늘푸른벽산,84.9,20층,26200,1019.6
2016.10.04,망포동,늘푸른벽산,84.9,20층,25400,988.5
2016.10.04,망포동,한양수자인,85.0,8층,42700,1660.6
2016.10.04,영통동,태영,84.9,11층,34000,1323.9
2016.10.03,영통동,영통에듀파크(331동~337동),85.0,18층,41000,1594.9
2016.10.03,망포동,동수원자이1차,85.0,14층,31700,1233.0
2016.10.03,망포동,마젤란21,84.7,4층,27000,1053.2
2016.10.03,영통동,영통3풍림아이원,84.9,9층,31300,1218.8
2016.10.01,영통동,삼성,84.8,1층,32000,1246.6
2016.10.01,영통동,영통에듀파크(331동~337동),85.0,12층,39000,1517.1
2016.10.01,영통동,벽산(1053-2),85.0,13층,34200,1330.4
2016.10.01,망포동,동수원자이1차,85.0,10층,31750,1235.0
2016.10.01,영통동,영통에듀파크(331동~337동),85.0,7층,37500,1458.8
2016.10.01,영통동,영통에듀파크(331동~337동),85.0,20층,38500,1497.7
2016.09.30,영통동,신나무실신명,84.9,16층,36800,1432.6
2016.09.30,영통동,신나무실극동,84.9,18층,38800,1510.4
2016.09.30,영통동,신나무실극동,84.9,3층,35700,1389.7
2016.09.30,영통동,삼성,84.9,16층,35000,1362.0
2016.09.29,망포동,망포마을쌍용1차,84.9,9층,32000,1246.1
2016.09.29,영통동,삼성,84.9,3층,33600,1307.5
2016.09.29,망포동,늘푸른벽산,84.9,15층,25700,1000.2
2016.09.29,망포동,방죽마을영통뜨란채,84.7,7층,29800,1163.1
2016.09.28,영통동,청명센트레빌,84.9,14층,38100,1482.3
2016.09.28,망포동,방죽마을영통뜨란채,84.7,11층,27000,1053.3
2016.09.28,영통동,영통아이파크,85.0,12층,32900,1279.3
2016.09.28,영통동,삼성,84.9,12층,34500,1342.5
2016.09.28,영통동,삼성,84.8,11층,35400,1379.0
2016.09.28,망포동,동수원자이1차,85.0,20층,31500,1225.2
2016.09.28,망포동,망포마을쌍용1차,84.9,14층,31600,1230.6
2016.09.28,영통동,영통에듀파크(321동~327동),85.0,20층,38250,1488.0
2016.09.27,영통동,태영,84.9,8층,34500,1343.3
2016.09.27,영통동,신나무실극동,84.9,3층,35500,1381.9
2016.09.26,영통동,영통3풍림아이원,84.9,20층,28500,1109.8
2016.09.26,영통동,신나무실동보,84.9,15층,37800,1471.5
2016.09.26,망포동,망포벽산이빌리지,84.9,9층,26000,1012.1
2016.09.26,영통동,태영,84.9,3층,33900,1319.5
2016.09.23,망포동,망포현대2아이파크,85.0,11층,32500,1263.8
2016.09.23,영통동,벽산(1053-2),85.0,4층,32800,1275.9
2016.09.23,망포동,극동의푸른별,84.9,3층,25800,1004.5
2016.09.23,망포동,한양수자인,85.0,16층,42700,1660.6
2016.09.23,망포동,늘푸른벽산,84.9,12층,25900,1007.9
2016.09.22,망포동,늘푸른벽산,84.9,10층,26800,1043.0
2016.09.22,망포동,늘푸른벽산,84.9,14층,25900,1007.9
2016.09.22,영통동,영통에듀파크(321동~327동),85.0,7층,41500,1614.4
2016.09.22,영통동,태영,84.9,13층,35700,1389.6
2016.09.21,망포동,망포현대2아이파크,85.0,17층,32100,1248.2
2016.09.21,망포동,영통SKVIEW,84.6,9층,44000,1718.6
2016.09.20,영통동,삼성,84.8,12층,34300,1336.2
2016.09.20,영통동,신나무실신명,84.9,5층,35000,1362.5
2016.09.19,영통동,풍림,84.8,16층,34000,1324.5
2016.09.18,영통동,풍림,84.8,17층,34500,1344.0
2016.09.13,영통동,영통에듀파크(331동~337동),85.0,16층,39500,1536.6
2016.09.13,영통동,신나무실동보,84.9,5층,35000,1362.5
2016.09.13,망포동,영통SKVIEW,84.6,4층,43000,1679.6
2016.09.12,망포동,망포마을쌍용1차,84.9,2층,29600,1152.7
2016.09.10,영통동,영통에듀파크(331동~337동),85.0,12층,40150,1561.9
2016.09.10,영통동,신나무실신명,84.9,13층,36500,1420.9
2016.09.10,망포동,영통SKVIEW,84.5,13층,45400,1776.5
2016.09.10,망포동,방죽마을영통뜨란채,84.7,9층,30850,1204.1
2016.09.10,영통동,신나무실동보,84.9,17층,35000,1362.5
2016.09.10,망포동,방죽마을영통뜨란채,84.7,9층,30700,1198.2
2016.09.10,영통동,삼성,84.9,3층,33700,1311.4
2016.09.09,망포동,마젤란21(1101동),84.6,8층,30000,1171.9
2016.09.09,영통동,삼성,84.9,13층,36300,1412.6
2016.09.09,영통동,삼성,84.8,18층,34250,1334.2
2016.09.09,망포동,망포마을쌍용1차,84.9,14층,31000,1207.2
2016.09.09,영통동,신나무실신명,84.9,5층,34300,1335.2
2016.09.09,영통동,신나무실신명,84.9,12층,36700,1428.7
2016.09.09,망포동,망포역아이파크,85.0,6층,33300,1295.2
2016.09.09,영통동,영통에듀파크(331동~337동),85.0,7층,37700,1466.6
2016.09.07,영통동,영통3풍림아이원,84.9,13층,30700,1195.4
2016.09.07,영통동,신나무실풍림,84.9,2층,35900,1397.5
2016.09.07,영통동,벽산(1053-2),85.0,16층,37000,1439.3
2016.09.05,망포동,늘푸른벽산,84.9,18층,27000,1050.8
2016.09.05,영통동,신나무실동보,84.9,7층,34750,1352.8
2016.09.05,영통동,영통에듀파크(331동~337동),85.0,7층,41000,1594.9
2016.09.05,망포동,방죽마을영통뜨란채,84.7,6층,30000,1170.9
2016.09.05,영통동,삼성,84.9,7층,34500,1342.5
2016.09.03,영통동,영통에듀파크(331동~337동),85.0,10층,39500,1536.6
2016.09.03,망포동,엘지동수원자이,85.0,18층,34400,1337.8
2016.09.03,망포동,늘푸른벽산,84.9,13층,25500,992.4
2016.09.03,영통동,벽산(1053-2),85.0,13층,36000,1400.4
2016.09.03,망포동,망포마을쌍용1차,84.9,3층,30500,1187.7
2016.09.03,영통동,풍림,84.8,13층,37800,1472.5
2016.09.03,영통동,신나무실극동,84.9,10층,37000,1440.3
2016.09.03,영통동,삼성,84.9,18층,32000,1245.3
2016.09.02,영통동,벽산(1053-2),85.0,14층,34100,1326.5
2016.09.02,영통동,신나무실동보,84.9,15층,35200,1370.3
2016.09.02,영통동,풍림,84.8,6층,33700,1312.8
2016.09.01,영통동,신나무실동보,84.9,4층,34000,1323.6
2016.09.01,영통동,벽산(1053-2),85.0,9층,37100,1443.2
2016.09.01,망포동,동수원자이1차,85.0,3층,29500,1147.5
